<?xml version="1.0" encoding="UTF-8"?><publish:diagrams xmlns:publish="http://www.ibm.com/Rational/XTools/Publish" xmlns:xmi="http://www.omg.org/XMI"><publish:diagram name="Names" publish:icon="1803657416_icon.png" publish:qualifiedname="JavaModel::Names" xmi:id="_78657910573718610469100612186786497398113165"/><publish:diagram name="Visibility" publish:icon="1803657416_icon.png" publish:qualifiedname="JavaModel::Visibility" xmi:id="_7861039069718610469100612186786497398113165"/><publish:diagram name="ClassContents" publish:icon="1803657416_icon.png" publish:qualifiedname="JavaModel::ClassContents" xmi:id="_84109901074718610469100612186786497398113165"/><publish:diagram name="Types" publish:icon="1803657416_icon.png" publish:qualifiedname="JavaModel::Types" xmi:id="_851181077789718610469100612186786497398113165"/><publish:diagram name="Polymorphism" publish:icon="1803657416_icon.png" publish:qualifiedname="JavaModel::Polymorphism" xmi:id="_72747177718971691006-1087684117180_2115103"/><publish:diagram name="Generics" publish:icon="1803657416_icon.png" publish:qualifiedname="JavaModel::Generics" xmi:id="_69112781054718999691006-1087684117180_2115103"/><publish:diagram name="CodeFragments" publish:icon="1803657416_icon.png" publish:qualifiedname="JavaModel::CodeFragments" xmi:id="_668870_87189101691006-1087684117180_2115103"/><publish:diagram name="Javadoc" publish:icon="1803657416_icon.png" publish:qualifiedname="JavaModel::Javadoc" xmi:id="_87841048747201086910061118898597107103120978565"/><publish:diagram name="IDs" publish:icon="1803657416_icon.png" publish:qualifiedname="JavaModel::IDs" xmi:id="_469841188174101996910061040117_103480297981"/><publish:diagram name="Classifier" publish:icon="1803657416_icon.png" publish:qualifiedname="JavaModel::Classifier" xmi:id="_83115981001037511979691006651216121667270115510665"/></publish:diagrams>